<application>
  <component name="libraryTable">
    <library name="@types/google-apps-script" type="javaScript">
      <CLASSES />
      <JAVADOC />
      <SOURCES />
    </library>
    <library name="@types/jquery" type="javaScript">
      <CLASSES />
      <JAVADOC />
      <SOURCES />
    </library>
    <library name="@types/jquery-ajax-chain" type="javaScript">
      <CLASSES />
      <JAVADOC />
      <SOURCES />
    </library>
    <library name="@types/node" type="javaScript">
      <CLASSES />
      <JAVADOC />
      <SOURCES />
    </library>
  </component>
</application>