<application>
  <component name="UISettings">
    <option name="CONSOLE_COMMAND_HISTORY_LIMIT" value="1000" />
    <option name="CONSOLE_CYCLE_BUFFER_SIZE_KB" value="5120" />
    <option name="EDITOR_TAB_PLACEMENT" value="0" />
    <option name="OVERRIDE_CONSOLE_CYCLE_BUFFER_SIZE" value="true" />
    <option name="SCROLL_TAB_LAYOUT_IN_EDITOR" value="false" />
    <option name="SHOW_MEMORY_INDICATOR" value="true" />
    <option name="SORT_LOOKUP_ELEMENTS_LEXICOGRAPHICALLY" value="true" />
  </component>
</application>